grupo_edad,consultas,porcentaje
<5 años,21015008,0.2733733863675333
5-14 años,16443227,0.2139014483268365
15-64 años,33209907,0.4320105296910117
65+ años,6204769,0.08071463561461853
